"campanha";"grupo";"id";"angulo";"imagem";"hook_imagem";"apoio_imagem";"preco_imagem";"titulo_reddit";"cta_reddit";"sufixo_url"
"DV | Mapa Numerológico | BR | 1-2-5";"G1 | Sem preço";"01";"Curiosidade sobre o nome";"imagens/01-sem-preco.png";"Seu nome tem mais a dizer.";"Explore seus números na numerologia.";"";"Seu nome e nascimento entram nos cálculos. O que a numerologia associa a eles?";"Learn More";"/?utm_source=reddit&utm_medium=paid_social&utm_campaign=dv_mapa_125&utm_content=g1_ad01"
"DV | Mapa Numerológico | BR | 1-2-5";"G1 | Sem preço";"02";"Propósito e escolhas";"imagens/02-sem-preco.png";"Qual caminho faz sentido para você?";"Um olhar numerológico sobre propósito e escolhas.";"";"Qual caminho faz sentido para você? Explore seu Caminho de Vida na numerologia.";"Learn More";"/?utm_source=reddit&utm_medium=paid_social&utm_campaign=dv_mapa_125&utm_content=g1_ad02"
"DV | Mapa Numerológico | BR | 1-2-5";"G1 | Sem preço";"03";"Reconhecimento de talentos";"imagens/03-sem-preco.png";"E se o seu talento já estiver aí?";"Explore os potenciais associados aos seus números.";"";"O que você faz tão bem que nem percebe? Explore seus talentos pela numerologia.";"Learn More";"/?utm_source=reddit&utm_medium=paid_social&utm_campaign=dv_mapa_125&utm_content=g1_ad03"
"DV | Mapa Numerológico | BR | 1-2-5";"G1 | Sem preço";"04";"Mundo interior e expressão";"imagens/04-sem-preco.png";"O que você sente. O que você mostra.";"Desejo da Alma + Personalidade";"";"O que você sente combina com o que mostra? Conheça Alma e Personalidade no seu mapa.";"Learn More";"/?utm_source=reddit&utm_medium=paid_social&utm_campaign=dv_mapa_125&utm_content=g1_ad04"
"DV | Mapa Numerológico | BR | 1-2-5";"G1 | Sem preço";"05";"Ciclos e momento presente";"imagens/05-sem-preco.png";"Que fase é essa?";"Explore seu Ano, Mês e Dia Pessoal.";"";"Que fase é essa? Seu Ano, Mês e Dia Pessoal podem abrir novas perguntas.";"Learn More";"/?utm_source=reddit&utm_medium=paid_social&utm_campaign=dv_mapa_125&utm_content=g1_ad05"
"DV | Mapa Numerológico | BR | 1-2-5";"G2 | R$ 19,90";"06";"Amplitude e valor";"imagens/06-com-preco.png";"9 números. Um novo olhar sobre você.";"Mapa numerológico personalizado";"R$ 19,90 · Pagamento único";"9 números interpretados em um mapa feito com seus dados. R$ 19,90, pagamento único.";"Learn More";"/?utm_source=reddit&utm_medium=paid_social&utm_campaign=dv_mapa_125&utm_content=g2_ad06"
"DV | Mapa Numerológico | BR | 1-2-5";"G2 | R$ 19,90";"07";"Compra única sem mensalidade";"imagens/07-com-preco.png";"Seu mapa. Sem mensalidade.";"Numerologia para ler no seu ritmo.";"R$ 19,90 · Pagamento único";"Seu mapa numerológico por R$ 19,90. Pague uma vez e volte à leitura quando quiser.";"Learn More";"/?utm_source=reddit&utm_medium=paid_social&utm_campaign=dv_mapa_125&utm_content=g2_ad07"
"DV | Mapa Numerológico | BR | 1-2-5";"G2 | R$ 19,90";"08";"Facilidade para iniciantes";"imagens/08-com-preco.png";"Numerologia sem complicar.";"Seus números, explicados em português.";"R$ 19,90 · Pagamento único";"Começando na numerologia? Conheça seus 9 números com explicações em português. R$ 19,90.";"Learn More";"/?utm_source=reddit&utm_medium=paid_social&utm_campaign=dv_mapa_125&utm_content=g2_ad08"
"DV | Mapa Numerológico | BR | 1-2-5";"G2 | R$ 19,90";"09";"Transparência do cálculo";"imagens/09-com-preco.png";"Veja a leitura. Entenda o cálculo.";"Significado + cálculo + reflexão";"R$ 19,90 · Pagamento único";"Além do significado: veja como cada número foi calculado no seu mapa. R$ 19,90.";"Learn More";"/?utm_source=reddit&utm_medium=paid_social&utm_campaign=dv_mapa_125&utm_content=g2_ad09"
"DV | Mapa Numerológico | BR | 1-2-5";"G2 | R$ 19,90";"10";"Releitura e conveniência";"imagens/10-com-preco.png";"Uma leitura para voltar a você.";"Seu mapa online, no seu ritmo.";"R$ 19,90 · Pagamento único";"Um mapa para revisitar no celular ou computador. Numerologia personalizada por R$ 19,90.";"Learn More";"/?utm_source=reddit&utm_medium=paid_social&utm_campaign=dv_mapa_125&utm_content=g2_ad10"
